precipitation,rh,avg_temp_c,ndvi_mean,zika_value,yellow_fever_cases,dengue_cases
12.42,73.36571429,25.44285714,0.15060625,0,128,4
22.82,77.36857143,26.71428571,0.15747945,0,12,5
34.54,82.05285714,26.71428571,0.1333149,2,168,4
15.36,80.33714286,27.47142857,0.2092857,1,53,3
7.52,80.46,28.94285714,0.239235,127,75,6
9.58,79.89142857,28.11428571,0.203635733,0,22,2
3.48,82,27.41428571,0.1552607,0,36,4
151.12,83.37571429,28.37142857,0.107375,0,5,5
19.32,82.76857143,28.32857143,0.1244491,9,5,10
14.41,81.28142857,28.32857143,0.1616,0,1,6
22.27,81.46714286,27.55714286,0.155024125,68,49,8
59.17,82.14428571,28.12857143,0.271316675,1,56,2
16.48,80.74285714,28.11428571,0.19093095,0,44,6
32.66,80.58428571,28.24285714,0.336069033,0,0,17
28.8,79.65,28.2,0.122544443,0,2,23
90.75,84.17857143,28.04285714,0.167744433,0,0,13
32.4,80.94714286,28.34285714,0.174744025,14,11,21
40.94,83.34857143,28.65714286,0.283033925,0,0,28
28.86,77.17285714,28.32857143,0.23742115,0,0,24
64.56,81.55142857,28.68571429,0.2091875,0,0,20
143.73,81.63714286,28.24285714,0.2348244,0,0,40
51.39,77.04857143,28.34285714,0.2051649,0,5,27
31.18,78.52,28.77142857,0.20799285,48,0,42
51.42,84.11,28.62857143,0.14397085,0,0,33
143.55,85.62142857,27.62857143,0.1391889,0,3,43
127.03,85.50285714,26.77142857,0.1221768,0,10,37
101.35,82.78714286,27.97142857,0.262395825,1,0,57
20.46,81.71571429,28.47142857,0.17483305,0,0,71
20,75.72857143,27.54285714,0.23266785,5,0,44
20.04,78.15142857,26.8,0.21489165,0,0,56
33.61,81.38571429,26.2,0.167915775,1,0,53
9.96,79.90857143,25.98571429,0.179220825,0,0,52
0,68.72285714,24.68571429,0.19609535,1,1,47
52.45,80.08285714,25.71428571,0.280896425,1,0,26
0,69.68142857,25.15714286,0.22815555,22,0,27
0,72.93857143,24.38571429,0.15144525,0,2,21
15.85,76.62857143,24.91428571,0.1633278,0,2,21
0,78.5,25.24285714,0.257136533,0,2,26
0,71.59714286,24.71428571,0.26610475,2,0,34
0,71.78428571,24.82857143,0.194395525,0,3,37
0,75.79428571,25.05714286,0.2723774,18,0,17
18.05,78.89571429,25.14285714,0.20897145,0,0,19
0,79.74,25.84285714,0.145744433,0,2,25
31.79,77.97714286,25.25714286,0.176938325,0,1,18
0,77.31571429,26.01428571,0.2347232,0,2,21
0,78.13857143,25.92857143,0.22689645,0,24,17
0,77.88285714,26.08571429,0.153153575,28,10,17
0,80.00142857,26.05714286,0.2497985,0,2,16
12.92,75.66285714,25.24285714,0.217102675,0,2,16
6,79.62857143,25.3,0.203675,0,4,15
44.57,73.35142857,25.51428571,0.137379175,0,0,23
32.72,78.44714286,26.52857143,0.200569067,0,13,16
0,79.36,27.31428571,0.180521125,8,0,17
35.38,79.54142857,26.92857143,0.1284241,0,22,12
4.16,80.06714286,26.52857143,0.117366667,0,0,17
51.16,81.30142857,27.38571429,0.108295843,0,6,10
55.37,81.08857143,27.94285714,0.19274585,0,8,15
8.08,76.07428571,28.07142857,0.11459465,0,2,19
6.09,77.03571429,28.22857143,0.153241675,245,0,21
44.25,81.42142857,28.92857143,0.103180375,0,30,14
73.76,82.74571429,27.91428571,0.1362518,0,NA,18
26.7,81.69428571,28.37142857,0.192539667,0,0,13
6.13,77.87714286,28.41428571,0.1342889,0,156,14
29.67,78.24142857,28.8,0.097934933,0,41,18
56.58,81.48285714,28,0.0888125,2,0,23
48.41,81.89714286,28.57142857,0.17498575,0,3,25
13.29,81.96,28.5,0.1468732,0,6,62
0,79.19714286,29.42857143,0.1237,0,32,60
51.88,80.25571429,29.27142857,0.106820725,0,3,76
55.2,81.59428571,28.15714286,0.1344475,0,1,66
65.9,82.31,28.94285714,0.125484825,3,1,64
33.56,78.62714286,28.97142857,0.13032655,0,1,68
29.53,80.87714286,28.91428571,0.149994025,0,71,89
73.55,81.42428571,28.14285714,0.176517875,0,0,92
31.68,82.48571429,27.74285714,0.167094275,1,241,140
32.1,80.51571429,27.65714286,0.1248125,0,50,116
3.29,79.38285714,28.54285714,0.089657875,12,78,142
50.24,76.77714286,27.82857143,0.173421425,0,1,129
72.61,78.98714286,28.11428571,0.10938335,0,2,140
42.92,81.05857143,27.18571429,0.08516725,0,2,140
78.73,83.51428571,26.65714286,0.14995,0,0,127
0,75.54857143,26.31428571,0.0887652,0,0,129
35.34,81.48571429,26.27142857,0.146395243,6,26,169
0,80.27571429,26.72857143,0.122133925,0,0,141
0,78.62142857,25.61428571,0.1593768,0,0,108
0,72.86142857,25,0.066996823,0,0,78
0,76.12714286,24.35714286,0.128734725,0,104,70
,,,0.162404175,0,NA,81
200.85,81.3,25.65714286,0.106477075,16,0,104
3.12,84.11714286,25.47142857,0.21254285,0,98,90
0,78.29142857,24.85714286,0.1528244,0,70,85
0,75.22,24.8,0.137966667,0,20,55
0,77.05857143,24.71428571,0.12146845,0,9,53
,82.87571429,26.02857143,0.168366667,0,14,65
,77.29571429,25.75714286,0.194046033,5,26,33
,76.03714286,25.28571429,0.1292125,0,52,38
0,76.87857143,25.65714286,0.1887076,0,5,59
23.22,78.05714286,25.78571429,0.115025,0,43,40
0,77.50571429,26.1,0.103346425,0,0,37
0,80.23857143,26.2,0.12082145,0,308,29
122.27,78.06714286,26.22857143,0.136891675,61,17,30
43.21,76.37571429,26.98571429,0.120564275,1,267,30
83.11,84.18428571,26.81428571,0.126149408,0,24,28
36.16,78.42571429,26.67142857,0.128035725,0,27,23
0,74.93285714,27.37142857,0.058939288,0,16,24
13.92,78.48,26.78571429,0.178833925,0,4,29
2.94,78.38142857,27.44285714,0.090260425,0,3,26
71.85,85.64714286,27.85714286,0.072695833,0,0,23
186.25,87.30142857,27.42857143,0.184557133,0,1,20
42.24,85.82714286,27.5,0.118478575,0,13,19
43.21,84.87,28.2,0.0959232,0,44,20
52.07,84.24857143,28.28571429,0.1577107,0,17,26
52.96,82.77714286,28.48571429,0.1286325,9,26,29
10.74,79.33428571,29.22857143,0.150275,0,95,31
1.86,78.49714286,28.72857143,0.163976167,0,NA,28
94.14,80.15,27.62857143,0.140543325,0,8,26
33.51,81.98428571,27.55714286,0.046395,0,609,32
31.12,82.34571429,27.97142857,0.11592975,0,252,35
59.22,80.78428571,28.07142857,0.1552625,7,11,33
65.55,82.75,27.67142857,0.181232125,0,78,30
68.22,82.31714286,28.21428571,0.157389275,0,84,52
27.7,78.86428571,28.27142857,0.142725,0,143,59
61.55,79.20428571,28.72857143,0.1557238,0,123,67
21.34,79.93,28.02857143,0.187836625,0,9,65
41.32,79.52571429,28.14285714,0.115138092,15,27,74
95.55,83.7,27.55714286,0.17441785,0,17,70
97.7,81.29714286,27.97142857,0.144208325,0,447,61
23.1,79.73714286,28.88571429,0.153240175,0,2,53
18.95,77.83428571,29.15714286,0.228203575,0,1214,76
12.18,77.87571429,28.65714286,0.0582,0,65,61
80.58,78.91,28.67142857,0.11940715,4,278,57
64,81.05285714,28.38571429,0.170466675,0,26,44
40.06,79.01285714,27.54285714,0.1041125,0,289,34
43.44,80.25571429,26.68571429,0.082729755,0,6,47
47.42,85.58714286,27.4,0.12031905,0,14,60
53.73,82.64857143,26.62857143,0.127560425,0,1,60
86.28,78.31142857,26.91428571,0.14468095,0,162,53
0,76.66142857,26.68571429,0.1509655,0,137,36
0,76.75714286,25.91428571,0.054587293,0,108,31
,,,,0,NA,30
46.79,81.87857143,25.87142857,0.049282738,0,15,32
0,77.14428571,24.5,0.077250593,0,NA,28
0,76.98428571,24.85714286,0.1865119,36,0,33
0,77.86285714,24.4,0.100233333,0,38,33
75.97,80.61,26.67142857,0.064257438,0,23,35
0,79.82571429,25.42857143,0.18411785,0,NA,22
14.71,76.53285714,26.27142857,0.187292575,2,3,13
0,76.21714286,25.7,0.221804767,1,5,13
0,73.22571429,25.57142857,0.151666675,145,16,21
0,70.64571429,24.9,0.191358333,0,2,17
9.68,77.78428571,26.92857143,0.064901175,0,1,11
27,76.84857143,26.14285714,0.13115,0,1,8
0,80.79571429,26.88571429,0.116458333,9,1,8
7.49,78.56428571,27.2,0.146960333,0,30,6
19.74,78.96142857,27.07142857,0.0386125,81,NA,6
114.85,81.27142857,25.87142857,0.106689275,2,77,7
33.35,81.65571429,27.48571429,0.116437323,0,15,12
37.35,84.08142857,26.94285714,0.106925,0,36,17
34.9,84.52142857,26.47142857,0.084891075,0,1,10
14.84,82.43571429,28.22857143,0.158220825,0,2,10
78.17,85.39857143,28.94285714,0.059292858,15,1,18
62.2,86.9,27.64285714,0.106983925,0,NA,19
8.48,80.61571429,29.9,0.140952367,0,NA,12
30.65,81.49285714,27.72857143,0.1729381,0,15,22
93.75,82.60857143,27.34285714,0.1199738,0,NA,12
8.49,82.83285714,28.84285714,0.1775381,0,NA,21
37.28,81.14857143,28.24285714,0.117554783,52,9,18
73.94,81.21571429,27.88571429,0.133315458,0,64,16
4.81,79.15,28.5,0.165489275,0,NA,16
78.03,85.55142857,27.94285714,0.10877,0,2,22
12.38,82.88285714,29.02857143,0.217893667,1,144,17
7.25,81.01285714,29.02857143,0.157414275,0,81,25
106.83,83.07571429,29.41428571,0.126730943,5,1,23
1.36,81.72714286,28.97142857,0.196146425,0,21,12
30.85,79.62857143,28.65714286,0.14269285,1,23,25
43.26,80.68428571,28.42857143,0.072958333,0,72,28
14.42,81.79428571,28.6,0.15200715,2,28,27
71.36,80.90142857,28.15714286,0.0812735,0,9,18
72.86,82.61,28.28571429,0.063133333,22,45,23
27.62,83.84142857,28.01428571,0.136425,0,14,23
8.01,81.10285714,28.4,0.143633925,0,128,29
0,78.80714286,28.2,0.099095233,0,13,38
70.07,80.39857143,28.07142857,0.152691675,2,169,36
0,79.50428571,27.9,0.158394467,0,53,43
0,79.03714286,27.64285714,0.035620832,18,76,46
12.5,80.37714286,27.17142857,0.118516975,0,23,31
91.81,82.15428571,26.88571429,0.2048857,0,36,25
6.09,80.46571429,26.78571429,0.141130248,0,5,40
5.29,80.30285714,26.52857143,0.123033315,0,5,31
14.82,76.85428571,26.22857143,-0.027395242,0,2,38
42.62,78.82857143,26.04285714,0.03587679,29,49,30
5.25,78.01857143,26.97142857,,0,62,22
12.6,75.74285714,25.5,0.042975003,0,45,31
0,79.15,25.45714286,0.1774,0,0,26
0,75.98428571,25.08571429,0.1330619,0,2,35
0,78.38142857,25.32857143,0.084251175,0,0,36
0,76.82571429,25.78571429,0.226414275,8,11,39
0,75.31,25.25714286,0.08779375,0,0,25
0,72.88571429,25.7,0.2839875,0,0,31
0,74.78857143,25.74285714,0.10142062,0,0,37
0,77.91571429,25.31428571,0.157277767,0,0,33
7.15,81.51857143,25.88571429,0.106732147,0,1,25
0,75.43571429,25.84285714,0.108470825,303,6,24
0,74.64714286,26.72857143,0.107860725,0,0,18
46.62,75.08285714,26.7,0.126030375,0,1,23
0,73.95142857,26.42857143,0.103722633,0,3,13
0,79.51714286,25.97142857,0.160067875,0,10,18
0,75.24714286,25.97142857,0.16414285,0,0,14
0,74.51571429,26.67142857,0.074339883,2,3,17
68,80.35285714,27.75714286,0.1108768,0,0,22
10.46,80.46285714,27.41428571,0.10783215,0,0,13
16.5,83.13571429,27.71428571,0.106242875,0,0,24
17.52,79.50285714,29.1,0.161126775,0,0,31
6.59,77.66428571,28.57142857,0.1532143,0,1,34
42.53,80.38285714,28.22857143,0.067314288,3,0,31
13.82,78.29285714,28.32857143,0.115508733,0,0,31
38.34,78.70428571,28.07142857,0.0719268,0,1,38
12.67,79.02714286,28.4,0.130379775,0,0,49
15.39,78.80571429,27.92857143,0.1672899,1,0,42
9.77,77.30285714,28.17142857,0.182226775,0,2,49
43.28,77.10285714,28.25714286,0.136913125,12,2,55
2.79,75.43571429,28.51428571,0.20985715,0,2,80
26.96,77.79571429,28.25714286,0.139509533,0,0,84
30.03,78.58428571,28.38571429,0.022491668,0,3,72
17.77,76.43714286,28.51428571,0.112233343,0,0,89
3.24,76.92,28.57142857,0.164002675,0,4,115
59.91,78.48285714,29.42857143,0.14624285,6,1,179
19.45,79.13857143,29.28571429,0.165433025,0,2,202
61.11,78.75,28.55714286,0.1442125,0,0,272
39.22,79.31428571,28.37142857,,0,1,302
55.88,80.37285714,28.01428571,,0,4,395
0.63,74.11714286,28.71428571,,0,23,426
16.7,78.22571429,28.32857143,,16,11,461
75.57,76.34857143,28.57142857,,0,1,381
111.52,85.41714286,27.67142857,,0,2,333
5.41,78.68571429,28.15714286,,0,3,353
32.26,80.09571429,27.31428571,,0,5,410
32.17,83.58428571,27.28571429,,0,0,364
11.16,83.50285714,27.85714286,,5,12,359
17.52,78.56,26.88571429,,0,0,288
45.95,85.57,26.37142857,,0,25,221
0,75.45571429,26.58571429,,0,0,149
0,76.91428571,26.64285714,,0,6,112
71.43,82.86714286,27.31428571,0.17470835,0,0,154
0,75.83857143,25.7,0.247441975,63,4,91
0,74.04714286,25.77142857,0.162939667,2,2,72
37.99,79.55285714,24.75714286,0.071607125,0,3,56
0,78.33,26.12857143,0.1224625,0,0,46
0,81.40428571,25.5,0.190700967,0,35,37
0,74.65571429,26.08571429,0.109482433,0,NA,26
0,77.02142857,26.62857143,0.149680967,0,0,17
0,76.63428571,25.92857143,0.096448818,0,200,17
0,79.81714286,25.24285714,0.09377,0,49,20
0,82.05285714,25.5,0.1484384,0,2,11
19.43,77.02,25.25714286,0.1222274,0,3,7
0,69.86142857,24.62857143,0.1799494,0,7,16
0,67.36428571,25.24285714,0.252200525,9,43,14
0,73.4,25.97142857,0.2502,0,3,16
5.43,77.60571429,27.28571429,0.1186024,0,2,5
6.44,77.32142857,26.65714286,0.17779285,0,1,2
0,71.93714286,26.32857143,0.171491975,0,1,6
20.96,76.07285714,27.84285714,0.174871433,0,87,5
9.01,80.26142857,27.77142857,0.156226775,9,0,4
119.62,80.86571429,26.91428571,0.114957425,0,256,3
204.62,81.44714286,27.22857143,0.166608325,0,56,4
178.89,80.72714286,27.7,0.151080933,0,81,16
106.04,84.34571429,27.3,0.165316075,0,1,8
20.16,79.13714286,27.77142857,0.1267375,0,7,7
26.56,81.34,28.84285714,0.212691075,16,3,10
2.04,79.38,29.21428571,0.2375869,0,0,14
41.18,75.06571429,29.65714286,0.269825,0,0,7
25.89,81.96,29.28571429,0.211590467,0,17,9
36.58,81.09,29.22857143,0.136826775,0,0,11
101.64,85.08857143,28.55714286,0.138742867,0,0,23
60.71,84.37571429,28.7,0.129845243,6,0,17
19.79,80.39714286,29,0.1146351,0,99,19
4.05,82.62571429,30.07142857,0.135373792,0,NA,24
75.11,83.49142857,28.42857143,0.11729285,0,1,17
35.83,82.22571429,29.11428571,0.118585243,0,120,28
20.23,78.14571429,29.57142857,0.161451775,0,83,40
40.29,82.91142857,29.37142857,0.098571425,0,25,33
121.4,83.31428571,29.58571429,0.150466675,0,9,31
36.72,81.85428571,29.95714286,0.095452383,0,20,33
68.18,83.13571429,28.05714286,0.19295,0,27,29
45.63,84.20714286,28.38571429,0.101641975,0,68,30
55.67,80.66428571,27.84285714,0.08479269,0,11,36
54.74,83.21428571,27.47142857,0.142742867,36,44,48
30.3,80.86428571,28.04285714,0.2170875,0,0,40
0,79.40428571,27.22857143,0.1227125,0,331,28
24.86,77.63857143,27.15714286,0.125485725,0,22,36
90.49,78.14142857,27.31428571,0.16079525,2,297,19
20.21,80.67714286,27.2,0.162139267,1,27,34
0,76.33285714,27.01428571,0.188203575,173,35,23
0,79.98571429,26.61428571,0.078783333,14,24,17
0,77.63714286,25.71428571,0.109493623,0,16,17
6.35,84.13571429,25.18571429,0.059309535,0,4,23
15,79.32142857,26.25714286,0.161177375,9,0,14
55.68,82.51571429,25.97142857,0.108727368,0,1,20
60.67,80.47714286,25.58571429,0.169064275,83,7,13
0,75.69285714,24.78571429,0.1564512,2,55,23
0,74.96142857,25.15714286,0.100421425,0,17,20
29.3,79.66428571,25.31428571,0.159728575,0,27,16
7.2,77.78285714,25.97142857,0.115433333,0,104,16
177.58,79.19857143,25.55714286,0.169419925,0,NA,23
9.96,73.06,25.57142857,0.160119867,15,9,14
0,76.48285714,26.24285714,0.104238092,0,622,15
0,80.64714286,26.2,0.146433333,0,263,4
0,73.42571429,26.4,0.082009533,0,10,5
0,79.02,25.92857143,0.065516975,0,84,5
49.18,79.77571429,26.22857143,0.134717875,0,90,11
46.16,78.31142857,26.12857143,0.163831558,54,149,11
0,74.17142857,26.12857143,0.155666667,1,107,7
5.63,76.39428571,26.01428571,0.234898825,0,3,4
0,74.79285714,25.44285714,0.026514285,0,28,6
21.7,82.84,25.84285714,0.1255643,1,19,5
44.07,82.78,26.72857143,0.130766675,0,419,2
68.06,82.75142857,28.11428571,0.11405535,5,5,4
137.06,82.36857143,27.81428571,0.117547325,0,1226,2
27.82,82.23571429,26.94285714,0.111775,1,62,4
47.93,83.32285714,26.44285714,0.10953035,0,277,6
15.99,80.90714286,27.68571429,0.16070535,2,26,6
6.01,80.06142857,27.94285714,0.159655533,0,296,4
24.35,81.83571429,28.01428571,0.117008332,23,4,6
97.22,84.32285714,27.27142857,0.134874125,0,15,11
14.89,79.19857143,27.51428571,0.079283325,0,1,16
41.78,81.91,27.17142857,0.153722632,0,95,9
34.04,85.01,27.67142857,0.110469033,2,149,12
19.92,80.93571429,28.01428571,0.120705,0,111,13
110.91,84.34428571,26.78571429,0.212072233,18,NA,27
15.74,79.27285714,27.75714286,0.174196425,0,19,21
10.59,81.54,28.48571429,0.103933925,0,NA,19
63.31,81.98571429,27.94285714,0.137941675,0,0,17
243.55,85.69,27.04285714,0.0955651,0,47,24
59.12,82.63857143,27.87142857,0.103168925,0,27,27
27.58,79.17714286,27.41428571,0.097494058,30,1,30
28.18,81.26,27.28571429,0.096175,0,3,29
4.62,79.95714286,27.57142857,0.172309533,0,6,25
17.37,80.73428571,29.04285714,0.03205715,0,23,35
16.06,81.13,27.04285714,0.0870875,0,2,33
51.59,84.11142857,26.84285714,0.048378575,0,2,30
34.32,83.64,26.15714286,0.057772618,9,1,29
42.76,83.39714286,25.87142857,0.052697223,0,1,31
65.18,86.07142857,25.61428571,0.137869833,0,38,29
0,75.29285714,25.01428571,0.090961908,0,NA,22
0,73.25285714,24.8,0.1271381,0,81,27
0,79.37285714,24.95714286,0.171995233,0,19,24
0,71.06285714,24.51428571,0.086703125,353,36,26
0,75.67857143,26.62857143,0.160765475,1,1,29
0,80.3,24.67142857,0.198619033,0,4,22
0,74.94,24.38571429,0.082089275,0,1,33
6.65,80.09285714,24.9,0.119820243,0,NA,24
66.05,82.38857143,24.62857143,0.075676775,0,NA,30
53.52,75.07571429,23.7,0.082385108,2,13,20
24.98,80.94714286,24.57142857,0.130964275,0,NA,17
0,76.71285714,24.68571429,0.109347875,0,NA,24
0,74.63142857,24.47142857,0.120735557,0,9,28
0,74.25571429,24.57142857,0.24735715,0,67,18
0,75.37285714,24.35714286,0.135904767,0,NA,13
0,76.90428571,24.74285714,0.194423225,3,3,9
0,74.11857143,25.31428571,0.160616075,0,158,14
0,74.20571429,25.08571429,0.171,0,87,11
6.65,74.85,25.35714286,0.13730625,0,1,11
0,71.55857143,25.9,0.1321634,1,22,19
0,75.41714286,27.67142857,0.121625,0,26,10
5.73,76.95285714,27.77142857,0.098954158,15,75,8
0,75.87857143,27.92857143,0.0677357,0,28,8
33.03,78.53714286,27.57142857,0.1059756,0,10,9
0,75.98285714,27.58571429,0.111024983,0,46,3
64.1,78.71142857,27.31428571,0.1082482,0,16,7
118.35,83.48571429,27.27142857,0.12279105,0,131,14
0,79.74571429,28.6,0.13730775,6,20,4
2.43,79.36428571,29.01428571,0.112952393,0,171,9
34.69,80.24571429,28.65714286,0.104883575,0,56,14
38.84,78.63857143,28.41428571,0.145966668,0,78,7
5.87,78.62,29.01428571,0.102611883,0,26,9
24.42,80.91714286,28.61428571,0.069571425,0,39,3
41.34,82.13285714,27.9,0.052709533,19,5,3
29.9,79.45428571,27.82857143,0.165166075,0,5,14
19.57,81.10428571,28.64285714,0.112721425,0,2,12
57.65,82.39285714,28.28571429,0.088819933,0,35,10
20.35,83.28,28.41428571,0.143378567,0,62,21
94.72,81.14285714,27.98571429,0.136543443,0,46,26
8.83,82.22,28.72857143,0.15128095,6,0,47
11.47,83.16428571,28.95714286,0.124133925,0,3,42
86.14,81.80857143,28.9,0.0880768,0,0,31
13.18,78.78,28.4,0.126860482,0,11,34
46.15,84.43714286,27.58571429,0.1404107,0,0,33
70.29,80.08428571,28.5,0.071974108,0,0,52
99.33,83.57571429,27.35714286,0.1201375,68,0,56
80.85,82.23428571,27.7,0.2678286,2,0,70
0.78,77.53285714,28.38571429,0.2258381,0,0,112
2.08,77.30714286,27.74285714,0.15105,0,1,70
18.83,77.16285714,27.34285714,0.110841075,0,7,47
50.55,82.76571429,27.32857143,0.0823238,0,0,48
4.76,82.27,27.25714286,0.191621425,0,1,49
3.01,79.39571429,26.67142857,0.196071425,0,3,66
0,74.28142857,26.75714286,0.140695233,0,10,56
0,74.79571429,26.57142857,0.1639857,0,0,61
22.52,79.47,26.71428571,0.14530625,0,1,67
,,,0.07518214,0,3,64
10.59,79.63142857,26.35714286,0.110598793,9,0,68
106.97,84.69428571,24.88571429,0.094727675,0,0,49
0,78.18285714,25.61428571,0.164176775,0,0,50
7.72,76.26142857,26.54285714,0.1137116,0,0,56
0,75.77714286,26.58571429,0.03110714,0,1,75
142.6,81.61285714,27.25714286,0.133091075,0,0,63
0,70.70142857,24.41428571,0.184557133,9,0,62
0,75.01571429,26.27142857,0.159440825,0,0,41
0,77.92428571,25.61428571,0.1237643,0,1,50
0,80.77857143,25.81428571,0.127133333,0,0,34
0,72.64285714,24.88571429,0.143494058,0,0,31
0,76.67571429,26.22857143,0.143255567,0,2,38
72.98,81.40571429,25.71428571,0.092785717,17,2,30
12.01,80.19,26.02857143,0.078728565,2,2,32
0,81.14571429,26.92857143,0.086657125,0,0,26
22.22,77.71285714,25.6,0.112727368,0,3,30
71.64,80.07285714,26.87142857,0.144728575,0,0,36
0,77.33142857,26.78571429,0.124996843,0,4,35
55.76,78.40142857,27.14285714,0.091544433,6,0,46
56.4,84.07142857,27.91428571,0.092422925,0,1,48
15.86,84.63571429,27.97142857,0.1013,0,2,44
8.19,82.46,27.85714286,0.075952393,0,0,51
86.21,82.30571429,28.42857143,0.188621425,0,1,59
49.52,78.53,28.1,0.1267143,0,3,71
72.08,84.02571429,28.21428571,0.087801775,0,24,102
20.06,80.08571429,28.61428571,0.1238259,0,11,128
54.05,81.29,28.38571429,0.0975018,0,1,127
10.42,78.99,28.38571429,0.05687738,0,1,150
68.74,82.21285714,27.55714286,0.12495,0,2,191
16.03,83.74285714,28.27142857,0.19598215,0,8,256
25.79,81.21714286,28.45714286,0.103708618,37,5,329
38.44,82.8,29.07142857,0.126574992,0,0,263
24.34,84.20285714,29.21428571,0.129225,0,12,220
96.58,83.45,28.04285714,0.11288095,0,0,204
47.74,82.19285714,28.75714286,0.099254783,2,32,181
72.73,84.00285714,28.32857143,0.101625593,1,0,99
35.03,82.33285714,28.72857143,0.112354433,178,6,54
82.87,83.33142857,27.77142857,0.13399285,18,0,80
223.61,78.78285714,27.91428571,0.09155,0,6,102
33.26,79.99857143,28.25714286,0.097752367,0,4,127
25.94,78.09857143,27.75714286,0.13555,9,2,73
32.09,82.03857143,28.15714286,0.124866675,0,6,68
182.46,83.86571429,27.71428571,0.023914293,86,0,64
121.65,85.12,27.42857143,0.129592867,2,41,55
18.07,80.91428571,27.78571429,0.057719057,0,NA,67
110.03,86.21428571,26.72857143,0.2351786,0,0,84
0,80.02142857,26.55714286,0.1072125,0,170,85
22.35,83.02428571,25.64285714,0.061092855,0,68,67
152.94,85.91142857,25.81428571,0.112711908,15,3,73
16.76,78.66857143,26.07142857,0.059028858,0,4,89
0,78.41857143,25.92857143,0.046238543,0,9,68
,,,,0,53,59
45.39,80.59714286,25.57142857,0.088172233,0,13,56
0,76.95428571,25.07142857,0.037173218,0,2,77
47.16,81.31,24.98571429,0.047223225,57,2,75
0,79.67142857,24.88571429,0.0668018,1,1,47
0,70.19857143,24.17142857,0.1476262,0,91,50
0,68.64142857,23.4,0.168142867,0,0,42
18.66,76.24571429,24.32857143,0.105539275,1,268,28
23.9,72.25142857,24.04285714,0.11775535,0,62,37
0,77.42714286,25,0.086554183,5,81,37
0,71.69142857,24.95714286,0.090436325,0,1,27
5.5,74.80428571,24.88571429,0.117066075,1,9,12
5.24,73.94,25.67142857,0.137297608,0,3,15
15.91,78.91,25.74285714,0.06258095,2,0,22
18.76,75.38857143,25.61428571,0.137511933,0,0,8
75.59,73.64142857,25.38571429,0.067374998,26,26,15
0,75.39,26.91428571,0.10818035,0,0,17
10.2,74.79857143,26.68571429,0.108170825,0,0,10
88.2,78.68285714,28.22857143,0.118538118,0,1,9
46.5,76.30857143,26.95714286,0.073106667,2,106,11
33.82,76.59857143,27.82857143,0.151431723,0,NA,20
15.26,79.71714286,28.38571429,0.1425905,19,1,13
2.16,77.37142857,28.41428571,0.059745825,0,120,11
100.35,80.75428571,27.91428571,0.063041665,0,100,16
115.14,79.75,27.7,0.093833323,0,31,11
96.93,83.96142857,27.21428571,0.075366667,0,18,7
17.32,81.25,28.44285714,0.119428567,0,26,17
73.3,80.79857143,27.4,0.136594035,33,31,14
29.53,81.84714286,27.27142857,0.088537925,0,71,13
96.36,83.91857143,26.7,0.141735725,0,11,15
8.53,80.96857143,28.1,0.14404285,0,44,30
22.01,81.67285714,28.37142857,0.0699152,0,0,25
44.23,82.64571429,28.08571429,0.165145233,0,334,40
31.78,81.38714286,28.37142857,0.111808925,9,24,44
133.65,81.99857143,27.85714286,0.086014275,0,341,25
30.98,81.00285714,28.18571429,0.121719033,0,31,21
66.06,79.96571429,28.3,0.0839625,0,35,48
121.24,79.69714286,28.41428571,0.084761,0,29,56
44.44,79.39,28.45714286,0.0972643,0,20,60
62.41,79.83714286,28.71428571,0.105224985,427,4,45
52.34,79.67428571,28,0.124211908,1,0,55
45.32,79.16,27.17142857,0.047283335,0,2,32
171.59,82.65714286,26.75714286,0.012225,0,14,46
67.94,85.37714286,27.67142857,0.085755147,0,60,61
4.84,81.62857143,27.44285714,0.1263726,0,17,42
20.03,81.48857143,26.88571429,0.099472918,2,28,37
83.66,85.40428571,26.71428571,0.030053333,0,103,43
224.9,86.40571429,26.6,0.067035,0,NA,34
2.11,78.68285714,26.1,0.117648503,0,9,40
63.47,81.86428571,24.92857143,0.1863889,0,670,25
0,72.65285714,24.94285714,0.097528043,0,249,16
0,76.49714286,24.84285714,0.110951778,3,3,17
40.35,76.31714286,25.47142857,0.014921527,0,85,17
81.73,79.60714286,25.12857143,0.150841658,0,83,16
45.19,77.34285714,25.11428571,0.265041075,0,146,23
0,70.45714286,23.61428571,0.3195,1,110,18
0,67.76571429,22.84285714,0.3202675,0,4,18
0,74.06285714,25.17142857,0.229520825,15,29,9
24.19,76.50285714,24.92857143,0.156923833,0,20,7
0,76.11714286,25.2,0.154115953,0,417,7
7.67,74.06428571,24.77142857,0.168391267,0,4,4
98.45,75.72142857,24.52857143,0.185573225,0,1210,3
11.48,66.73571429,24,0.22940215,0,52,2
25.96,72.14285714,25.07142857,0.17709375,6,290,8
0,71.39,24.8,0.208114275,0,24,3
2.09,71.35142857,24.4,0.205286533,0,308,1
7.23,77.78571429,25.58571429,0.159078568,0,4,1
0,75.84285714,25.97142857,0.119809825,0,16,2
0,74.75428571,25.8,-0.010973215,0,1,3
82.06,78.24428571,26.92857143,0.1715768,19,161,3
6.13,76.21428571,27.14285714,0.12534285,0,150,2
21.53,78.33714286,26.64285714,0.127207133,0,117,0
68.14,77.71285714,26.6,0.127415475,0,NA,0
39.45,79.19714286,26.81428571,0.149814275,0,22,2
48.51,78.53714286,27.55714286,0.134019275,0,NA,2
46.02,79.05142857,27.85714286,0.142911625,7,NA,0
46.38,75.74857143,27.98571429,0.13919165,0,44,6
45.96,80.84571429,27.42857143,0.209340475,0,33,3
33.94,77.61714286,27.77142857,0.14283155,0,1,6
7.95,77.68142857,27.97142857,0.080883333,0,4,2
5.81,78.12571429,28.27142857,0.216414275,0,8,3
9.53,78.60428571,28.52857143,0.237103575,70,27,2
0,79.00857143,28.32857143,0.243796425,2,3,4
32.67,80.75142857,28.21428571,0.1287725,0,2,5
60.71,82.02142857,28.27142857,0.191382725,0,2,2
8.62,79.50714286,28.61428571,0.191126775,0,1,9
27.4,79.55857143,28.72857143,0.187909525,0,39,2
164.26,82.67571429,27.18571429,0.238295233,0,NA,4
26.9,80.67857143,27.98571429,0.176829175,0,83,8
30.52,78.94857143,28.18571429,0.18998215,0,22,6
50.88,79.58428571,27.75714286,0.180249175,0,36,3
42.65,82.28285714,27.52857143,0.1247489,0,1,11
126.67,82.58571429,27.77142857,0.263734825,0,4,14
8.57,76.37142857,27.8,0.32620715,10,1,15
37.34,78.18142857,28.05714286,0.12039464,0,NA,20
62.57,77.44285714,27.14285714,0.15592625,0,NA,9
80.61,80.00714286,27.54285714,0.16375415,0,15,20
77.9,72.68428571,25.87142857,0.083813103,0,NA,28
6.3,70.97714286,26.32857143,0.082928573,0,NA,38
0,72.92571429,26.87142857,0.113744443,9,9,30
11.07,77.64857143,26.3,0.147049175,0,68,30
19.69,77.35714286,26.81428571,0.090774993,0,NA,23
0,72.26142857,25.91428571,0.042786905,0,3,16
0,76.52571429,25.38571429,0.022773215,0,163,22
0,76.50571429,25.12857143,0.106173817,0,91,28
49.81,74.33571429,25.31428571,0.139737493,21,1,14
0,71.94142857,25.07142857,0.1290619,2,22,17
0,75.38,24.95714286,0.1349357,0,26,20
23.78,79.03142857,25.24285714,0.124275875,0,79,17
10.73,74.34428571,25,0.106957133,0,32,10
0,75.85142857,25.34285714,0.07211965,0,10,13
0,73.07285714,24.75714286,0.200198775,6,47,20
0,76.90714286,24.81428571,0.3423375,0,17,9
6.84,73.38714286,24.7,0.259023225,0,131,18
0,76.24714286,26.7,0.30938215,0,20,9
0,72.44285714,26.32857143,0.12186815,0,172,8
6.11,80.83571429,26.04285714,0.2439619,0,56,19
0,74.43,27.08571429,0.155221425,0,79,11
5.2,77.02285714,26.27142857,0.299194433,0,26,4
11.84,72.64,26.7,0.144591668,0,39,6
35.69,76.58142857,27.2,0.098154767,0,5,6
19.98,75.71428571,26.75714286,0.0859095,0,5,8
59.89,78.56714286,27.48571429,0.054789288,0,3,13
77.36,82.35,27.85714286,0.1430601,38,50,8
35.54,76.07,28.82857143,0.12538145,0,65,8
10.8,78.15142857,28.47142857,0.11472975,0,47,5
61.33,77.16285714,28.07142857,0.10431965,0,0,16
21.93,76.42571429,28.51428571,0.173057133,2,3,12
63.35,75.46142857,27.72857143,0.052224383,1,0,11
37.72,77.61714286,28.62857143,0.0876482,183,15,18
85.42,79.57857143,28.22857143,0.115844057,21,0,10
21.89,77.58285714,28.34285714,0.080978575,0,1,22
49.38,77.58714286,28.11428571,0.118661908,0,0,14
35.85,78.06142857,28.58571429,0.08856785,9,0,16
73.2,78.67,28.05714286,0.1051393,0,0,18
40.4,79.71285714,27.92857143,0.207125,87,1,27
29,82.08714286,28.64285714,0.155902975,2,7,38
40.3,81.07571429,28.97142857,0.108423225,0,0,35
132.53,77.34714286,28.27142857,0.2112,0,3,41
68.85,78.82714286,27.9,0.1477116,0,3,51
9.73,77.41,28.37142857,0.293732125,0,9,65
10.01,77.23571429,28.08571429,0.077846418,15,0,55
84.76,77.55571429,27.97142857,0.18054375,0,1,54
20.8,77.63,29.22857143,0.1672357,0,3,62
27.82,78.89142857,28.4,0.138378575,0,0,64
91.83,79.27,26.85714286,0.19087855,0,0,56
39.7,80.13142857,27.91428571,0.16843215,0,0,65
0.49,80.27,27.94285714,0.106921425,60,0,71
28.03,75.42428571,26.72857143,0.055840475,1,1,75
287.55,81.08142857,26.58571429,0.15404285,0,0,71
45.8,79.86142857,26.52857143,0.2025509,0,0,72
9.43,74.34428571,26.34285714,0.21515715,1,0,47
43.91,74.03857143,25.28571429,0.024010715,0,2,27
31.01,82.16714286,26.31428571,0.122265175,5,0,35
91.66,84.01,25.6,0.050260118,0,3,25
72.18,85.51428571,25.67142857,0.18435,1,2,19
0,76.43428571,25.52857143,0.118913708,0,2,37
0,80.57285714,25.45714286,0.20516875,2,2,38
0,76.73428571,25.32857143,0.115989275,0,0,34
0,78.07857143,26.21428571,0.093940483,30,3,26
0,76.92,25.65714286,,0,0,19
0,76.72285714,24.97142857,0.062075,0,4,18
0,75.57714286,25.41428571,0.1484741,0,0,22
0,75.93285714,25.78571429,0.127216075,2,1,16
0,73.14714286,25.2,0.107060725,0,2,18
0,74.42714286,25.45714286,0.135375,19,0,6
40.27,76.16857143,25.84285714,0.151366075,0,1,12
0,74.91714286,25.78571429,0.212371425,0,3,6
0,75.21571429,26.75714286,0.283928575,0,27,6
49.74,78.56571429,26.22857143,0.09751785,0,13,3
50.67,81.14142857,27.11428571,0.06284105,0,1,7
0,73.84,25.45714286,0.19057855,36,1,6
214.76,83.65714286,25.7,0.064875,0,1,1
74.01,81.70285714,26.45714286,0.1693607,0,5,3
87.81,78.60714286,26.44285714,0.185441075,0,3,2
0,76.08714286,26.14285714,0.1734768,0,0,2
41.09,76.90142857,27.71428571,0.137326775,0,12,1
3.99,77.09285714,28.17142857,0.12216965,9,0,10
65.82,81.85142857,28.44285714,0.09890895,0,36,3
84.35,81.04285714,28.45714286,0.09202541,0,0,3
0,79.73,28.52857143,0.133831757,0,6,1
5.94,79.50857143,27.58571429,0.1759381,0,0,1
2.3,77.19857143,28.34285714,0.092251208,0,8,2
22.49,78.74714286,28.15714286,0.11531965,510,4,6
58.06,78.31142857,28.28571429,0.1353705,1,2,3
1.07,75.86714286,28.22857143,0.088011318,0,7,3
44.7,81.62285714,28.48571429,0.047238675,0,0,5
39.52,77.78857143,28.47142857,0.143825,0,50,4
33.21,78.94428571,28.74285714,0.094083925,0,NA,7
22.89,79.09428571,28,0.096358325,2,1,6
18.67,76.18857143,28.64285714,0.077691075,0,176,5
109.38,78.60714286,27.5,0.12070595,0,73,7
7.92,76.67857143,29.15714286,0.119869625,0,3,6
57.98,78.48857143,28.65714286,0.107821433,0,4,4
26.31,77.85142857,28.2,0.076198203,0,9,4
73.11,79.28142857,27.77142857,0.073672025,3,55,7
17.48,78.80857143,27.94285714,0.0834875,0,13,9
91.69,78.94857143,27.54285714,0.1171262,0,2,5
9.5,79.21714286,27.98571429,0.053385725,0,2,5
33.29,77.62,27.54285714,0.09019645,1,1,10
14.05,76.16714286,27.38571429,0.24548,0,95,6
0,73.78142857,27.31428571,0.1676485,15,1,13
100.94,78.60571429,27.21428571,0.096980933,0,273,6
11.61,78.96285714,26.98571429,0.131293467,0,64,5
0,74.37285714,26.42857143,0.040773825,0,83,5
7.32,74.51714286,26.07142857,0.031,0,1,9
0,74.94285714,25.92857143,0.055566075,0,9,3
6.58,79.48285714,25.7,0.040840475,6,3,6
0,80.30857143,25.05714286,0.07224285,0,0,11
0,78.67142857,25.45714286,0.023016657,0,0,7
0,75.70285714,25.72857143,0.143524125,0,26,7
0,75.01571429,25.68571429,0.11496445,0,0,15
0,79.51714286,25.32857143,0.06531965,0,0,9
25.2,78.84142857,25.2,0.123889275,20,1,6
68.17,79.72428571,25.4,0.106044457,0,106,6
0,75.07714286,25.58571429,0.071741075,0,NA,6
0,74.73428571,25.62857143,0.063545833,0,1,7
0,72.69,25.28571429,0.068666075,0,120,10
0,74.60857143,26.54285714,0.077955375,0,113,8
0,72.13571429,26.45714286,0.075025242,8,32,7
0,74.32571429,26.92857143,0.03275625,0,18,12
0,76.13428571,26.7,0.07321965,0,30,3
38.52,79.63571429,26.4,0.129539893,0,30,2
5.96,80.24142857,26.42857143,0.05577143,0,71,7
389.6,83.75142857,25.35714286,0.0262357,0,11,5
26.56,80.07142857,26.92857143,0.1417357,78,46,5
16.65,74.80857143,27.64285714,0.13208065,2,0,7
10.86,74.23,26.9,0.0782375,0,340,7
60.93,76.70428571,27.05714286,0.093690467,0,24,7
111.7,81.29142857,27.75714286,0.080176183,0,349,7
9.1,76.33428571,27.97142857,0.14507459,0,37,10
18.25,77.14142857,27.4,0.078643155,0,35,13
39.21,77.73142857,27.47142857,0.10648215,0,30,10
17.92,80.98,28.02857143,0.0114375,0,20,14
0,78.92857143,28.64285714,0.0893482,0,4,11
10.83,79.65857143,28.04285714,0.220895233,0,0,20
62.57,79.74428571,27.47142857,0.060588675,0,2,25
0,77.8,28.14285714,0.122157125,10,14,17
41.92,82.60142857,27.87142857,0.091083325,0,90,18
28,80.84,28.07142857,0.133322608,0,17,25
11.37,79.78857143,27.92857143,0.123264275,0,28,21
42.46,78.25428571,28.14285714,0.111010725,0,95,31
98.68,80.79714286,27.91428571,0.1549095,0,NA,32
86.4,82.78428571,27.68571429,0.2222786,9,9,26
16.81,79.70428571,28.72857143,0.14088965,0,676,35
38.7,77.36714286,28.87142857,0.116541975,0,240,28
99.61,80.53,28.04285714,0.119083925,0,2,37
78.94,79.35571429,28.6,0.147133333,0,87,41
0.61,76.43571429,28.1,0.081741075,0,80,34
118.5,80.25,27.12857143,0.14108215,28,148,30
20.44,77.53142857,28.02857143,0.07795,2,113,39
96.7,77.56142857,27.8,0.068078573,0,4,39
79.96,78.08,27.37142857,0.142005567,0,28,39
97.28,81.82571429,27.15714286,0.066249105,0,20,34
390.6,87.57571429,26.3,0.0150518,0,412,30
16.2,83.41,25.97142857,0.08436875,6,4,37
0,77.30857143,26.18571429,0.0738506,0,1207,29
182.81,78.23285714,25.64285714,-0.007986325,0,47,26
0,80.79714286,25.84285714,0.099544068,0,289,15
1.96,78.68857143,26.01428571,0.071782975,0,25,22
,,,0.002075,0,322,15
0,72.57714286,24.38571429,0.095317875,0,4,20
36.07,78.94285714,24.34285714,0.191533333,0,16,14
0,78.26428571,24.52857143,-0.092564583,0,1,10
0,75.42285714,24.62857143,0.08879285,0,162,21
0,76.52285714,24.98571429,0.140309533,0,157,14
0,74.65,24.88571429,0.1049357,0,115,14
0,73.79142857,25.2,0.017435725,38,NA,9
0,79.02714286,24.18571429,0.101658643,0,23,11
0,77.76142857,25.15714286,0.12076785,0,NA,5
0,72.30571429,25.42857143,0.0795625,0,1,6
0,78.54714286,25.91428571,0.01997143,2,44,7
0,76.87142857,25.55714286,-0.020162492,1,35,11
28.35,80.36571429,24.7,0.109729767,188,1,4
0,76.44571429,25.4,0.31575715,21,4,3
5.75,77.06,25.95714286,0.100278575,0,8,2
23.59,71.95428571,25.84285714,0.145845233,0,27,6
75.28,78.60285714,26.15714286,0.04297221,9,3,10
9.57,75.38571429,26.27142857,0.10564165,0,2,7
15.78,81.71142857,26.72857143,0.086454575,90,2,5
96.99,83.83285714,26.04285714,0.089615485,2,1,3
175.41,83.55,24.81428571,0.071053576,0,39,12
13.51,80.91428571,27.95714286,0.023934652,0,1,13
6.12,80.17714286,28.04285714,0.074285725,0,86,10
13.07,81.56142857,28.32857143,0.09319125,0,24,13
41.41,78.29714286,28.22857143,0.090058925,15,36,13
28.37,78.48142857,28.34285714,0.1015381,0,1,8
39.05,79.18142857,27.82857143,0.076252392,0,4,21
59.15,79.99571429,28.24285714,0.0453143,0,1,18
23.74,77.49857143,28.01428571,0.120201207,0,NA,8
40.86,81.80714286,28.04285714,0.070423818,0,NA,7
35.99,79.02571429,28.52857143,0.099103575,61,15,20
20.92,76.17142857,28.94285714,0.112128575,1,NA,14
37.3,81.26428571,29,0.07848125,0,NA,14
20.3,79.68428571,29.05714286,0.093246425,0,9,7
62.61,76.71142857,28.61428571,0.11338215,1,68,14
42.51,79.86571429,28.98571429,0.096106253,0,NA,10
52.29,80.03285714,28.64285714,0.09148811,5,3,13
245.73,85.33,27.22857143,0.1303357,0,165,27
10.06,76.47142857,29.14285714,0.115828325,1,94,13
34.73,78.47714286,28.28571429,0.039326193,0,1,18
83.2,80.66571429,28.12857143,0.181216667,2,22,16
10.82,76.92285714,28.28571429,0.0833375,0,26,16
96.72,80.65571429,27.5,0.09560715,30,79,20
105.49,77.53285714,27.05714286,0.174666075,0,32,17
18.75,77.31142857,27.24285714,0.030580358,0,10,4
122.87,83.62857143,26.32857143,0.169989275,0,48,15
18.37,74.30285714,26.32857143,0.105182125,2,17,8
0,73.75714286,25.64285714,0.058541075,0,133,6
0,74.32571429,25.15714286,0.089466675,19,20,12
5.54,80.88857143,26.27142857,0.03600595,0,173,15
150.31,83.95285714,26.24285714,0.037692258,0,56,11
,,,,0,79,10
0,74.77857143,24.98571429,0.045841668,0,28,15
0,78.79857143,25.2,0.0664652,0,42,17
14.67,83.05571429,25.22857143,0.05949345,37,5,7
15.2,78.53857143,23.75714286,0.078785725,0,5,7
0,78.64,23.71428571,0.088035725,0,3,8
0,70.79571429,23.31428571,0.12220355,0,50,9
0,72.24571429,23.41428571,0.150980933,0,70,12
0,74.19142857,24.48571429,0.1118982,0,47,12
0,78.66714286,25.02857143,0.031416668,9,0,5
3.93,77.39285714,26.01428571,0.191238067,0,3,4
0,73.58571429,25.84285714,0.128316075,0,0,11
0,73.86714286,26.4,0.0624,0,15,4
0,75.73714286,27.48571429,0.074909533,0,0,5
13.44,78.00285714,27.3,0.07078,0,1,7
33.69,77.65,27.4,0.00666725,597,0,1
42.88,77.24285714,28.17142857,0.056191673,1,0,1
234.13,81.75142857,26.78571429,0.038094433,0,0,4
0,78.90714286,27.37142857,0.01179285,0,1,2
38.66,75.69857143,27.3,0.092672925,0,8,6
102.56,83.76285714,26.27142857,0.055880953,0,0,3
156.94,84.33571429,28.38571429,0.074716073,2,3,4
84.78,82.63,28.84285714,0.076445525,0,3,10
32.02,76.94,28.72857143,0.130979758,0,9,12
97.46,81.51571429,27.51428571,0.10198215,0,0,21
8.36,79.71857143,30.02857143,0.161023833,0,1,26
23.36,80.01285714,29.04285714,0.086083928,0,3,21
42.06,79.37714286,29.02857143,0.185490175,3,0,30
92.52,80.56142857,28.44285714,0.0880741,0,0,45
39.49,79.48142857,28.38571429,0.095417875,0,0,56
64.25,82.40857143,28.92857143,0.088416075,0,0,75
80.34,79.62142857,28.94285714,0.0425375,1,1,83
18.15,79.25285714,29.47142857,0.161569067,0,0,82
29.86,77.74,29.32857143,0.07494375,15,0,126
99.02,76.73428571,27.92857143,0.0440607,0,0,119
77.05,79.08142857,28.08571429,0.070835233,0,2,137
23.3,75.43857143,28.85714286,0.100090475,0,0,131
43.57,77.27285714,29.24285714,0.077542875,0,3,112
66.86,76.66142857,28.58571429,0.074830968,0,2,82
36.86,79.08285714,28.62857143,0.076837483,6,2,73
68.31,78.35142857,28.01428571,0.06949999,0,2,43
157.83,82.26428571,27.01428571,0.041856548,0,0,55
112.16,82.39,28.04285714,0.1238125,0,3,55
20.75,82.42285714,27.97142857,0.088540767,0,0,53
39.72,78.97,27.95714286,0.117255968,0,4,46
27.22,79.32714286,27.87142857,0.104371425,20,0,43
37.36,79.90142857,27.15714286,0.112678575,0,1,29
14.49,77.24571429,26.52857143,0.188847633,0,2,22
26.65,78.62428571,26.22857143,0.233028567,0,0,26
0,71.45571429,24.98571429,0.098875008,0,1,13
0,75.07571429,25.45714286,0.050009518,0,3,17
0,77.31571429,24.62857143,0.184928575,9,27,8
64.08,76.57857143,25.88571429,0.027366675,0,13,13
16.27,74.50857143,24.65714286,0.038997612,0,1,10
72.69,72.92857143,24.05714286,0.115171425,0,1,17
74.41,78.72,24.71428571,-0.025836175,0,1,19
0,74.89714286,24.28571429,0.042725,0,5,9
0,72.87285714,23.41428571,0.0868476,80,5,9
18.15,76.90714286,23.91428571,0.007814275,2,0,9
0,78.49428571,24.74285714,0.173559275,0,11,3
11.8,73.41428571,24.85714286,0.1458857,0,0,7
0,70.69714286,25.3,0.026645425,0,42,7
0,74.28,25.52857143,0.083185418,0,0,0
16.74,73.21,25.51428571,0.080213575,1,6,2
31.34,75.52714286,25.68571429,0.0532643,0,0,3
24.44,74.98428571,26.65714286,0.07726111,0,8,3
174.04,79.60285714,25.42857143,0.074916073,0,4,1
44.84,76.33285714,25.85714286,0.0635106,0,2,3
60.86,78.02428571,26.68571429,0.043922025,0,9,3
103.35,76.60428571,26.31428571,0.068217853,10,1,3
54.47,78.09857143,26.5,0.068626785,0,52,7
12.09,75.92714286,25.94285714,0.0689,0,3,3
103.95,84.31,27.81428571,0.129741668,0,1,5
3.7,78.4,29.02857143,0.116507133,0,194,11
64.92,75.81142857,28.58571429,0.0764122,0,76,5
19.93,75.6,28.91428571,0.06680215,9,4,5
7.56,75.92,28.94285714,0.058587493,0,4,6
19.95,79.69571429,28.07142857,0.071466668,0,9,6
111.15,82.16,27.87142857,0.139503575,0,66,4
52.63,78.60428571,27.94285714,0.1072729,0,14,4
56.73,81.47714286,27.84285714,0.079408333,0,2,8
16.61,80.53857143,27.48571429,0.108436318,29,2,14
29.74,78.77285714,28.6,0.010899407,2,1,12
93.78,81.64571429,27.82857143,0.0726268,0,103,16
63.83,80.65428571,27.44285714,0.07301715,0,1,10
3.19,78.62714286,28.64285714,0.137671433,0,303,16
70.61,79.81428571,27.98571429,0.105945825,0,70,18
51.48,79.15428571,28.12857143,0.10871875,6,83,15
24.11,78.12428571,28.54285714,0.064017258,0,2,23
67.31,77.93,28.52857143,0.074134825,0,21,17
27.18,75.86142857,28.82857143,0.07445715,0,3,33
27.63,76.95285714,28.95714286,0.075073225,0,0,15
12.22,74.73285714,28.85714286,0.1856857,0,0,13
44.38,76.00714286,28.7,0.10024165,0,31,11
64.15,79.41428571,28.35714286,0.0918125,0,0,14
95.43,79.93,28.11428571,0.077813683,0,0,17
15.91,81.08571429,28.5,0.1135762,0,2,19
6.61,75.56857143,27.98571429,0.02261845,0,131,20
21.29,72.68428571,27.18571429,-0.08201785,0,0,12
57.01,75.6,27.04285714,0.113290482,38,1,21
51.3,76.82857143,27.41428571,0.04195238,1,134,7
25.02,74.43142857,25.94285714,0.081768578,0,114,19
0,78.63857143,26.52857143,0.089582433,0,32,10
0,75.24,25.92857143,0.052569175,4,18,13
0,76.52857143,25.35714286,0.152145725,1,30,10
0,74.81142857,25.08571429,0.117883333,339,34,8
63.41,77.64714286,24.97142857,0.034642858,38,71,21
0,73.80428571,25,0.1862613,0,11,11
0,72.76,25.08571429,0.0950762,0,46,9
0,74.8,25.6,0.072435725,8,0,14
0,75.75428571,26.15714286,0.0722793,0,364,14
0,73.93285714,26.41428571,0.16515715,245,25,15
0,78.12571429,25.62857143,0.013605554,2,490,18
0,75.01428571,26.55714286,0.084989275,0,49,16
0,74.02571429,26.71428571,0.0948357,0,35,12
9.12,75.43857143,26.85714286,0.08503035,0,30,20
33.72,76.78428571,27.12857143,0.052870535,0,62,8
90.68,76.21428571,25.6,0.100754167,16,4,3
13.09,73.30142857,26.38571429,0.091861325,0,0,13
0,74.83285714,27.72857143,0.076638085,0,3,4
69.7,81.11285714,26.87142857,0.050948215,0,17,1
93.03,82.08428571,26.21428571,0.0770232,0,94,10
9.83,79.19428571,27.32857143,0.056267875,0,17,8
6.8,76.76,29,0.1263625,126,30,13
6.2,73.98142857,28.75714286,0.05631607,7,72,10
45.7,76.02285714,28.45714286,0.111844433,0,2,21
85.81,74.96285714,29.2,0.059792875,0,11,18
62.42,76.16285714,28.54285714,0.039784515,0,663,21
15.76,74.16,29.01428571,0.138848575,0,247,34
46.08,76.32857143,29.27142857,0.189398225,5,1,25
19.09,74.92142857,28.84285714,0.110563683,0,91,34
1.13,75.24142857,28.87142857,0.133041267,0,82,33
40.7,75.14285714,28.57142857,0.094964275,0,135,40
85.11,80.80857143,28.57142857,0.06149105,2,113,42
1.02,74.26428571,28.62857143,0.163059525,0,5,36
37.75,77.76571429,28.61428571,0.07420535,355,28,72
72.44,78.64,28.38571429,0.086516667,3,23,75
34.47,78.46142857,28.45714286,0.171403575,0,386,76
62.56,77.56428571,28.38571429,0.107138117,0,5,92
30.77,75.34571429,28.31428571,0.157939667,0,1053,71
10.37,75.19571429,28.87142857,0.1609762,0,31,112
70.39,75.97,28.3,0.0864875,18,290,106
94.37,76.40571429,28.17142857,0.0659293,0,25,101
74.5,77.19,27.98571429,0.105948818,0,297,170
108.26,79.17857143,28.12857143,0.089367875,0,5,135
17.56,73.86714286,29.1,0.147341675,4,16,106
16.48,73.66142857,27.95714286,0.119478567,0,0,68
137.55,81.59428571,26.2,0.114735725,47,157,48
15.25,75.35,27.44285714,0.019438675,10,162,48
42,77.48142857,26.81428571,0.07170895,0,116,26
73.37,78.52571429,26.9,0.1803857,0,1,33
15.95,70.72714286,25.44285714,0.029708925,0,23,29
17.85,75.36857143,25.84285714,0.047416667,0,2,17
31.3,78.01571429,25.77142857,0.02900285,6,1,12
62.11,80.17857143,25.07142857,0.0948627,0,51,13
0,75.44857143,25.08571429,0.095736125,9,36,17
0,76.14857143,25.4,0.03159285,0,1,15
37.24,76.13142857,24.97142857,0.155507133,12,4,14
0,75.64285714,24.42857143,0.0907143,1,8,15
81.22,77.16714286,24.52857143,0.00768215,886,29,10
0,73.56571429,24.57142857,0.086280967,11,4,9
0,70.64285714,24.21428571,0.097278575,0,2,2
0,74.22857143,24.8,0.07709285,0,2,6
0,74.78571429,24.9,0.060117258,0,1,8
0,72.66,24.74285714,0.114797167,0,43,5
0,74.68142857,25.11428571,0.049623818,0,1,1
0,71.93428571,25.32857143,-0.0527357,0,95,2
0,72.91571429,25.2,0.06474465,0,28,3
27.19,74.24714286,25.04285714,0.161166075,0,36,4
3.82,74.6,26.24285714,0.032730945,0,2,3
16.96,75.02714286,25,0.01775535,0,4,1
0,72.28571429,25.31428571,0.1385143,2,1,3
0,76.96,27.04285714,0.030133333,0,NA,5
25.41,92.41857143,26.4,0.228307125,0,NA,0
60.61,93.58142857,26.9,0.256011875,0,15,0
55.52,95.84857143,26.8,0.170503575,2,NA,0
5.6,87.23428571,25.76666667,0.206917875,1,NA,0
62.76,88.16142857,26.6,0.31654645,38,9,0
16.24,74.72857143,25.34,0.22081785,2,69,0
89.37,83.27571429,27.01666667,0.352582125,0,2,0
42.08,82.49,26.58333333,0.375225825,0,3,0
49.22,74.74,26.9,0.3599357,0,167,0
53.65,74.15142857,27.11666667,0.32299285,0,95,0
23.12,57.78714286,28.36666667,0.292352975,9,1,1
34.62,71.66,27.425,0.32761365,0,22,0
97.55,77.48714286,27.53333333,0.322986325,0,27,0
95.89,71.46285714,27.15,0.170917258,0,79,0
46.22,82.37142857,26.7,0.286758225,2,33,0
31.1,81.52285714,27.65714286,0.202041075,0,10,1
25.21,75.54,27.775,0.27881785,13,48,1
49.25,76.94142857,28,0.3635075,4,18,0
67.64,79.42857143,27.6,0.272659175,0,134,0
51.83,74.80285714,28.175,0.250512525,0,22,0
39.25,67.18571429,29.025,0.09886559,2,173,0
55.91,66.04285714,27.7,0.232795825,0,58,0
20.65,78.88571429,27.05,0.287096425,6,80,0
24.53,68.55714286,28,0.197266075,3,29,0
111.06,80.40857143,26.61666667,0.3259143,91,43,1
3.9,60.64142857,28.2,0.24279525,7,5,0
59.11,94.95571429,27.33333333,0.25520715,32,5,0
69.85,82.34714286,27,0.261770825,3,3,0
149.71,84.17571429,27.05,0.178261325,248,52,0
50.02,94.05714286,25.71666667,0.196541675,16,73,0
87.18,95.40714286,26.43333333,0.32515595,0,47,0
31.93,89.08,27.35,0.204475,0,0,0
66.84,94.88428571,26.3,0.1490149,0,3,0
16.17,92.84285714,26.93333333,0.13286785,0,0,0
47.14,93.31428571,26.56,0.26291,2,15,0
118.07,94.09285714,27.2,0.221060725,0,1,0
74.34,94.09428571,27.05,0.19819225,0,1,0
90.35,82.80142857,27.43333333,0.2077655,0,0,0
94.06,95.92428571,27.05,0.135027735,0,0,0
86.46,96.73714286,27.16,0.2750893,0,1,0
80.82,94.60285714,26.46,0.3684714,12,1,0
77.73,94.61571429,27.34,0.316092875,3,8,1
78.01,88.14857143,27.63333333,0.24065715,0,0,0
94.77,92.19285714,27.625,0.2521,0,3,0
45.56,95.82,26.6,0.219646425,0,3,0
74.08,98.34142857,,0.30029465,0,11,0
70.81,94.71,27.43333333,0.282755975,6,0,1
90.07,91.46571429,27.25,0.32726075,0,1,1
126.46,89.48714286,26.86666667,0.26154525,0,3,0
47.13,94.01714286,26.88,0.263316075,0,0,0
53.93,88.17142857,26.4,0.096439285,5,0,1
1.22,79.32285714,,0.277364275,1,0,0
52.1,84.85714286,26.5,0.2337482,35,0,0
39.09,88.32285714,27.35,0.3436506,2,1,0
52.05,84.24571429,26.76666667,0.270240475,0,0,0
54.52,90.81428571,27.36666667,0.271994025,0,0,0
27.97,82.22571429,26.52,0.188736925,0,0,0
0,66.66428571,27.1,0.216621425,0,2,0
5.14,69.47571429,27.125,0.297010675,4,0,0
9.97,78.38857143,27.6,0.22178215,0,3,0
47.58,76.95571429,27.2,0.231460725,0,2,0
44.45,81.98714286,27.375,0.269448225,0,3,0
36.2,78.95714286,27.375,0.3215357,0,2,0
66.4,84.03285714,27.525,0.35225,0,2,0
26.48,79.36571429,27.25,0.332114275,0,3,0
63.42,78.33,28.3,0.322939275,0,0,0
58.75,74.41857143,28.525,0.448014875,0,6,0
77.89,72.16285714,27.63333333,0.33371785,0,1,0
77.15,90.26571429,28.06666667,0.18845535,0,1,0
83.53,85.57285714,27.64,0.214266675,0,2,0
34.54,89.00428571,27.525,0.3287143,63,0,0
61.82,87.48142857,28.44,0.270475,8,1,0
65.89,88.83714286,27.575,0.36058275,0,3,1
47.46,87.37714286,28.23333333,0.334572025,0,28,1
46.86,87.24,28.425,0.30031425,2,13,1
138.22,96.11857143,27.84,0.295945225,1,0,2
43.95,93.94714286,27.075,0.2109893,203,3,4
100.72,96.35571429,27.35,0.3166889,21,1,1
70.16,94.58857143,27.95,0.37569645,0,5,4
64.79,76.60285714,28.96666667,0.374275,0,5,11
22.77,75.20428571,28.8,0.2156018,9,0,16
121.07,81.52714286,27.94,0.1266393,0,11,23
59.4,96.26714286,26.3,,115,0,12
4.68,96.64142857,26.625,0.1778542,2,43,14
104.37,93.43857143,27.85,0.298621425,0,0,18
37.46,92.05,27.02,0.11808689,0,5,8
80.14,97.15714286,26.7,0.148817873,0,1,7
92.84,91.22142857,27.85,0.2843375,0,12,10
41.96,89.77857143,26.95,0.249233325,15,4,7
61.18,94.16571429,26.95,0.237158325,0,2,10
110.42,98.45714286,26.1,0.2286232,0,11,5
94.01,97.77571429,27.3,0.2375343,0,0,11
75.98,97.24428571,26.3,0.233878575,0,55,8
109.49,92.61571429,27.2,0.21634465,0,3,18
45.59,95.25142857,27.26666667,0.26117145,68,2,13
60.05,93.84571429,,0.191746425,1,203,9
101.3,95.22,27.5,0.19825,0,80,22
46.79,97.24285714,26.86666667,0.1511869,0,4,10
51.25,94.80428571,27.7,0.205703575,1,6,5
41.54,93.78857143,26.325,0.194539275,0,9,13
72.76,94.34571429,27.3,0.29486785,5,84,2
69.62,94.14428571,27.8,0.341360725,0,15,11
39.16,85.73714286,26.23333333,0.20799285,1,2,11
3.18,82.16714286,26.15,0.20104285,0,2,3
3.27,85.56571429,26.275,0.105935715,2,1,7
5.71,85.67285714,26.13333333,0.20381095,0,105,7
63,84.66857143,25.4,0.102557153,33,2,4
65.55,83.49714286,27.8,0.270264275,0,312,5
89.93,87.03428571,26.7,0.31987855,0,72,6
14.34,80.47,27.25,0.3070649,0,85,7
9.81,69.06,27.83333333,0.333075,2,2,7
31.71,82.14142857,,0.315820425,0,35,4
38.8,77.76571429,27.4,0.286828575,19,3,9
81.85,77.08285714,27.4,0.200332125,0,0,17
25.36,73.14142857,28.23333333,0.278971425,0,0,8
11.49,64.68857143,28.9,0.34930355,0,31,22
38.56,79.56285714,27.9,0.283642275,0,0,18
70.98,74.25,29.2,0.259973825,0,0,21
70.22,85.13714286,28.075,0.3103238,41,12,16
21.96,86.99857143,28,0.2110893,0,136,31
48.94,87.71714286,27.95,0.2412607,0,0,25
89.77,91.94428571,,0.306321425,0,2,28
95.47,95.28571429,28.3,0.3090768,0,144,26
91.36,96.04714286,27.6,0.202633325,0,117,18
61.69,96.84,27.35,0.2609119,9,31,27
60.15,93.39571429,28.1,0.2858036,0,19,11
49.69,90.66285714,28.5,0.311721425,0,37,38
35.02,92.61428571,27.65,0.22105,0,42,29
25.73,93.84571429,27.98,0.22947145,0,71,21
151.73,93.40857143,27.975,0.154303575,0,13,11
46.91,84.06,28.45,0.317860725,703,46,10
11.77,91.56,28.93333333,0.443867875,1,0,5
60.46,94.37428571,28,0.266323825,0,364,6
84.05,84.46,28.4,0.245414275,0,25,2
35.05,74.88428571,28.6,0.17037145,0,664,1
56.36,94.55285714,26.6,0.142848217,0,57,2
70.63,94.35428571,26.75,0.270178575,2,34,2
25.03,89.97428571,,0.1247857,0,36,3
132.2,86.01285714,29.4,0.24266665,0,78,5
63.71,92.46857143,27.95,0.181921425,0,5,1
47.97,96.17142857,26.7,0.1782143,0,0,4
109.04,93.62857143,27.6,0.2267607,0,3,2
93.61,91.59428571,30.8,0.187439275,3,17,4
89.38,93.01428571,28.26,0.251539275,0,96,0
78.59,96.27,28.175,0.1978393,0,17,0
51.14,95.99285714,27.72,0.236767875,0,23,0
77.34,92.54714286,28.2,0.288735725,1,74,0
65.43,97.27714286,27.2,0.35260715,0,2,1
138.05,96.14,28.35,0.170173825,16,9,1
84.16,98.13285714,27,0.24011785,0,667,1
23.7,95.85428571,27.46666667,0.1778125,0,254,1
166.52,92.46142857,27.7,0.23700715,0,2,1
70.25,97.61714286,27.2,0.189496425,0,96,2
98.72,96.22285714,27.7,0.3035851,0,75,3
47.15,90.04857143,27.525,0.30656785,6,112,4
88.88,95.57571429,26.95,0.1967738,0,116,6
61.09,94.12714286,25.86666667,0.250442875,0,3,2
53.58,86.65571429,27.075,0.16461785,0,31,2
65.2,85.61142857,27.66666667,0.188244625,0,23,5
2.64,77.80428571,26.46666667,0.25359285,0,388,1
24.64,82.27,27.225,0.189285725,20,6,1
89.28,77.86142857,27.85,0.21718215,0,873,0
52.47,83.92714286,27.4,0.228942875,0,25,0
45.38,81.94285714,27.75,0.382467275,0,295,0
29.51,85.72571429,28,0.244453575,0,21,0
8.84,70.92857143,26.65,0.276046425,0,281,2
36.42,76.53285714,27.83333333,0.2228857,9,4,0
55.73,85.03,27.8,0.3317714,0,16,3
100.55,88.11714286,28.03333333,0.368854175,0,1,0
74.6,83.68285714,28.575,0.237953575,0,159,0
38.3,92.16571429,27.2,0.2082744,0,163,0
44.16,90.34285714,28.3,0.26674645,0,117,2
39.52,87.37,27.975,0.427975025,93,NA,2
32.47,77.78428571,28.73333333,0.12565355,2,24,3
105.14,88.48,27.6,0.38296785,0,2,3
31.08,86.75571429,28.5,0.304139275,0,1,3
123.63,90.88285714,27.9,0.27330595,0,51,1
81.27,86.99571429,28.3,0.281221425,0,38,2
72.23,89.20714286,28.76666667,0.354203575,1,1,3
108.62,93.23142857,28.4,0.32841965,0,6,6
64.95,93.91714286,28.3,0.172373825,0,8,5
49.42,96.93714286,27.3,0.2620389,0,41,1
,,,0.208513075,0,5,4
78.53,95.79428571,27.43333333,0.256478225,0,2,5
63.47,96.12857143,28.7,0.318315,10,2,8
29.23,82.46714286,28.73333333,0.31445715,0,1,5
4.65,65.28428571,28.925,0.21755715,0,44,2
13.2,72.92714286,29.2,0.113225,0,2,3
24.83,86.76571429,27.925,0.298760725,0,96,3
39.06,87.71857143,26.6,0.2058036,0,28,1
125.04,93.01285714,27.46666667,0.2929869,9,36,6
52.08,92.56142857,28.4,0.195799975,0,2,4
80.33,96.28857143,28,0.292848225,0,10,1
137.83,93.62857143,28.3,0.377177975,0,1,2
120.1,96.23857143,28.65,0.206258325,0,NA,3
101.22,97.94142857,28.06666667,0.14741665,0,NA,1
47.26,96.49857143,27.65,0.333621425,33,15,8
61.8,92.32,28.03333333,0.200735725,2,NA,4
113.62,94.78857143,28,0.298515475,0,NA,6
65.82,97.80857143,27.53333333,0.24010465,0,9,7
83.93,95.11571429,27.23333333,0.1480143,0,70,5
34.81,93.89714286,27.3,0.165158325,0,2,8
173.45,91.62714286,26.65,0.21328335,6,3,6
35.43,93.57571429,,0.14091429,0,168,5
88.62,94.69285714,27.5,0.132941675,0,98,6
85.28,96.87571429,26.8,0.212963675,0,1,6
94.52,92.37142857,25.9,0.270878575,0,26,13
32.95,90.44714286,25.075,0.180661925,0,27,2
46.39,94.66857143,25.9,0.244175,0,79,10
83.94,90.90571429,26.55,0.308464275,0,35,3
48.09,85.15857143,26.8,0.22340955,2,10,12
53.78,90.92857143,26.3,0.26753215,0,49,7
85.96,92.52714286,,0.209739275,0,18,6
29.82,79.71857143,,0.2427357,0,134,5
18.44,79.23571429,,0.220575,38,24,6
23.78,78.48142857,,0.3467643,1,185,6
42.86,83.17285714,,0.27625715,0,58,6
147.32,86.54,27.1,0.333246425,0,81,8
46.58,88.74285714,27.4,0.127461675,4,29,6
36.64,91.2,27.16666667,0.257698225,1,92,9
48.68,79.55714286,28,0.30109405,351,5,12
85.69,84.80714286,28.65,0.271099975,3,5,19
52.27,88.82571429,26.975,0.25279645,0,4,8
65.25,94.16,28.55,0.3420643,0,52,16
35.61,85.06571429,27.7,0.2451881,8,74,21
74.01,87.87,27.4,0.27668215,0,48,6
91.63,84.82714286,28.35,0.344464275,250,0,22
74.68,96.35428571,27.2,0.326789275,2,3,37
74.08,84.61142857,28.25,0.2057107,0,0,33
71.98,95.25142857,28,0.2010899,0,14,18
53.01,87.13,27.9,0.19035955,0,1,83
70.04,93.93857143,,0.311167875,0,1,116
49.56,88.78,28.375,0.2361393,16,0,32
109.83,93.25285714,27.8,0.35269375,0,0,7
,,,,0,1,9
70.6,93.00571429,28.5,0.268792875,0,1,10
93.73,95.53,28.4,0.323475,0,9,5
60.52,83.3,28.86666667,0.321676175,0,0,8
25.67,87.31285714,28.86666667,0.30388095,126,2,7
88.96,89.42714286,28.525,0.150973225,7,3,8
52.61,95.97714286,27.46666667,0.219664275,0,11,11
125.35,95.74857143,27.5,0.2003857,0,0,6
46.98,91.57714286,28.65,0.2253393,0,1,7
54.22,94.40142857,28.26666667,0.26780835,0,3,7
155.54,97.68714286,26.8,0.17030655,5,0,14
162.51,92.26714286,28.7,0.199442275,0,0,7
99.37,89.82,27.72,0.19603215,0,1,9
55.12,93.80142857,28.25,0.375107125,0,0,13
87.41,92.41714286,28.1,0.267807125,2,1,16
40.03,97.32285714,27.65,0.177465475,1,0,7
37.6,97.38142857,28.85,0.21178335,359,0,9
78.8,97.16285714,28.6,0.2022726,3,0,2
33.29,95.93714286,25.8,0.150872,0,2,13
49.07,88.29428571,27.9,0.219416675,0,0,8
56.22,93.91857143,,0.2210107,0,3,3
43.14,84.65857143,27.4,0.29961785,0,2,5
61.75,86.70142857,,0.368021425,18,3,4
40.44,94.59285714,27.1,0.1351268,0,2,8
104.83,89.19428571,27.66666667,0.251142875,0,2,2
50.88,84.46714286,27.35,0.287485675,0,3,3
23.6,88.38714286,26.83333333,0.241053575,4,0,5
43.24,84.69285714,27.8,0.19638335,0,7,7
109.71,77.37285714,27.8,0.373292875,49,1,3
27.33,75.69714286,26.55,0.15904285,10,1,5
42.32,84.23857143,21.4,0.310864275,0,2,6
0,75.57142857,26.25,0.28554285,0,0,5
38.17,74.85571429,27.325,0.25780715,0,0,5
17.85,64.65857143,,0.29735,0,3,4
69.62,83.85428571,27.75,0.293289275,6,30,0
12.81,79.64714286,26.8,0.388995825,0,13,0
36.98,71.97142857,,0.292042875,9,0,0
18.66,83.73,,0.230235725,0,3,0
2.56,76.59571429,25.76666667,0.1866732,12,1,0
29.8,67.21285714,28.65,0.40646845,1,5,2
54.7,74.95285714,28.8,0.31454525,960,6,4
60,75.50857143,28.5,0.344352975,12,0,4
73.97,81.69142857,29.1,0.306814275,0,10,3
100.06,89.14285714,28.3,0.319892875,0,0,3
59.15,87.23142857,28.23333333,0.18793925,0,45,5
75.36,89.31,,0.376196425,0,0,6
49.87,93.17714286,27.6,0.401703575,0,5,14
72.34,90.34857143,28.5,0.25786785,0,0,3
78.52,86.40857143,28.26666667,0.34364645,0,12,7
60.5,87.72142857,28.1,0.283814275,0,5,11
46.91,92.95714286,28.1,0.2081393,0,2,2
151,95.67428571,28.3,0.17889075,0,15,6
114.58,93.82142857,27.45,0.28835,2,0,8
38.78,73.16142857,,0.220503575,0,55,25
138.46,88.33571429,27.78,0.21389285,0,4,21
88.85,89.95571429,,0.15353215,0,4,10
49.32,93.11428571,27.3,0.1495125,2,219,28
34.17,97.32,,0.350496425,1,81,39
71.87,95.82714286,28,0.2122518,38,4,20
44.35,91.09857143,28.6,0.290639275,2,7,24
23.44,86.03142857,28.24,0.186764275,0,9,28
79.13,92.60571429,27.43333333,0.1610375,0,90,26
94.99,96.36,28,0.38124285,0,15,8
121.69,93.34714286,27.975,0.1684107,0,2,9
120.62,93.78714286,27.4,0.24725525,11,2,12
121.46,95.02428571,28.3,0.209775,0,1,18
41.68,91.81142857,27.93333333,0.2216,0,109,9
75.33,95.51,28.3,0.271046425,0,2,9
69.6,92.11142857,27.4,0.30021785,2,333,6
74.93,90.86428571,27,0.193226775,0,73,6
65.07,93.63571429,27.85,0.131560725,13,86,8
127.24,96.09857143,24.3,0.2569464,4,2,5
1.52,72.03428571,25.2,0.34449285,0,36,7
91.4,80.38571429,27.46666667,0.16575,0,3,6
79.48,92.50571429,25.6,0.120875608,2,0,5
130.66,93.47571429,26.2,0.2853143,0,0,3
84.99,87.21428571,28.1,0.165810725,6,31,1
71.69,88.47142857,26.6,0.259404175,3,0,0
17.21,83.46714286,27.2,0.2891119,93,0,1
20.72,90.43285714,26.7,0.26326785,7,12,2
1.17,77.27142857,26.25,0.3063506,32,136,3
54.72,85.14,27.4,0.34634285,3,1,2
28.66,79.74285714,26.6,0.333392875,255,2,2
44.96,88.70714286,27.225,0.191532125,17,174,2
11.79,79.24285714,27.6,0.38041785,0,117,2
47.74,84.62,27.66666667,0.287208025,0,31,2
68.6,83.04714286,27.3,0.24155715,0,24,4
68,85.37285714,26.5,0.334852975,0,37,0
90.33,75.53,27.42,0.259721425,2,42,6
111.87,77.25428571,28.35,0.2528725,0,71,3
82.2,77.51428571,27.93333333,0.342241675,0,14,2
134.64,82.84571429,28.56666667,0.41847145,0,50,6
60.48,80.49,28.7,0.316903575,0,0,2
41.69,86.85285714,28.06,0.179234175,0,364,7
103.77,90.37857143,28.6,0.2855607,12,25,4
55.94,89.7,27.56,0.41823575,3,778,6
67.5,82.93428571,28.83333333,0.326710725,0,60,6
80.25,92.08857143,28.25,0.280146425,0,34,2
86.65,94.44,27.6,0.2565393,0,36,13
43.59,94.30285714,27,0.319482125,0,82,10
75.33,89.55,27.9,0.16259285,6,5,5
99.89,96.79571429,28.4,0.37919225,0,0,2
157.75,95.87571429,,0.3611369,0,3,0
111.48,95.07857143,,0.331039175,0,17,1
79.94,95.92714286,26.6,0.1755113,5,107,0
37.06,96.23857143,26.825,0.188119025,1,19,14
126.89,94.64714286,27.775,0.256853575,35,23,6
95.47,96.99714286,27.7,0.225474975,2,84,10
83.7,93.13571429,27.725,0.178575,0,2,5
61.8,87.53,28.6,0.3726143,0,8,12
14.19,75.80428571,28.85,0.289525,0,647,9
25.7,72.44571429,28.74,0.197890475,0,254,5
55.56,78.58571429,28.56,0.1783875,4,2,11
117.07,94.34857143,27.3,0.211510725,0,99,2
55.47,96.52285714,28,0.2845268,0,80,6
150.33,90.85857143,27,0.23064215,0,108,7
93.14,93.58571429,28.25,0.23970715,0,116,6
97.04,95.82,27.26666667,0.244514275,0,2,5
98.94,95.52714286,27.85,0.17224345,0,40,9
93.62,94.72142857,27.4,0.19825355,0,23,5
157.86,95.52571429,27.03333333,0.239657125,0,389,8
103.39,93.47,27.85,0.204403575,0,6,3
89.15,95.03714286,28.1,0.1839714,0,760,4
45.23,91.83285714,28.1,0.183164275,0,21,11
64.11,94.85285714,28.25,0.32525715,69,297,5
76.68,89.28,24.7,0.087021418,8,24,8
39.11,91.72,26.5,0.2285476,0,294,4
54.78,91.45857143,26.6,0.317289275,0,4,3
78.83,94.06571429,25.96666667,0.156589275,2,21,1
11.41,92.67142857,26.56666667,0.1648464,1,2,2
1.59,78.07428571,25.9,0.213517875,215,161,3
18.78,83.38714286,26.75,0.300241675,22,160,4
26.29,94.24714286,26.53333333,0.344085725,0,114,1
27.91,84.15571429,27.35,0.36982855,0,NA,8
70.88,82.57142857,24.25,0.411,9,24,5
35.77,76.61857143,26.475,0.26840715,0,2,3
36.78,80.93571429,26.9,0.2447357,121,1,2
9.06,79.33428571,27.125,0.348546425,2,53,7
30.26,67.75714286,27.05,0.28346785,0,38,1
76.28,92.65714286,26.3,0.304501775,0,1,6
49.85,84.41285714,26.9,0.2957863,0,7,7
58.22,86.70714286,27.2,0.355,0,8,5
59.79,78.56428571,27.83333333,0.25273215,15,42,2
37.28,89.84428571,28.4,0.295739875,0,5,6
39.09,80.45,28.4,0.384753575,0,2,11
74.52,86.70571429,29,0.202503575,0,2,6
106.73,94.78142857,26.9,0.388825,0,1,3
51.28,95.59285714,27,0.272642875,0,44,11
69.88,84.85,28.7,0.3089357,68,2,11
109.5,93.55428571,27.675,0.1773125,1,102,5
52.27,96.21428571,26.62,0.21283925,0,29,4
129.33,96.52285714,27.125,0.163613575,0,37,9
73.16,91.65428571,27.9,0.311878575,1,2,23
83.39,86.75571429,28.85,0.270922625,0,10,28
146.13,96.07428571,27.625,0.264428575,5,1,26
53.57,93.46857143,27.7,0.198975,0,NA,7
19.95,78.67,28.275,0.177535725,1,NA,29
71.84,95.28,25.8,0.386852975,0,15,58
95.97,94.96857143,27.43333333,0.203067875,2,NA,26
102.59,95.12571429,,0.280121425,0,NA,38
110,93,27.56666667,0.3598232,39,9,35
38.72,78.13142857,27.86666667,0.195141075,0,71,37
47.23,95.70714286,26.6,0.1786792,0,3,20
122.64,92.37,28,0.20350895,0,3,29
101.33,96.92714286,26.85,0.306910725,2,170,25
210.83,88.97285714,27.18,0.1698274,0,98,23
96.05,89.26857143,26.25,0.144721425,19,1,9
91.87,93.45142857,,0.19876905,0,26,3
62.13,94.07428571,26.9,0.33525715,0,28,6
107,90.95714286,27.86666667,0.216542225,0,79,6
71.45,95.15714286,28.3,0.3156607,0,35,3
79.74,92.12428571,26.8,0.293089275,0,10,1
42.05,97.97142857,26.65,0.317303575,40,53,3
42.12,93.66285714,27.86666667,0.10204644,3,18,1
50.5,93.15857143,26.6,0.1432571,0,134,1
30.08,91.50428571,26.16666667,0.245612125,0,24,0
45.69,96.62142857,26.35,0.209061925,0,176,2
72.04,96.02571429,27.2,0.117216075,0,58,1
30.09,93.98285714,26.9,0.167735725,9,81,1
13.27,88.81,,0.274173825,0,29,0
111.18,95.86,,0.22759285,0,46,0
89.88,93.79571429,,0.23864585,0,5,1
0,86.52428571,,0.26080715,0,6,0
0,85.65571429,,0.191441075,0,5,3
62.84,93.05571429,,0.21626785,743,52,3
52.36,92.77714286,26.6,0.282362525,1,77,1
44.63,92.04857143,26.68,0.34022085,0,51,5
32.45,91.09285714,27.4,0.2156643,0,0,2
26.03,90.72714286,27.9,0.44150715,0,3,5
12.88,78.27714286,28,0.310682125,0,0,5
58.2,84.49142857,27.83333333,0.31743095,2,1,5
34.59,83.05,27.35,0.326733325,0,14,9
86.14,92.65285714,27.96666667,0.250533325,0,1,17
65.43,88.52571429,27.8,0.259833325,0,1,19
61.38,90.18142857,27.75,0.375366075,0,0,25
24.28,79.50285714,,0.379975,0,0,45
69.47,78.45428571,30.03333333,0.181369025,3,1,34
69.39,88.85714286,26.45,0.2886964,0,1,63
52.65,93.85428571,27.33333333,0.271810725,0,9,44
43.6,92.60857143,27.4,0.19395715,0,0,50
57.85,95.29,27.82,0.479860725,1,1,35
60.36,88.32857143,28.3,0.326396425,0,3,16
59.44,94.14142857,27.96666667,0.187224975,18,12,16
81.11,95.26,26.1,0.27858215,0,0,13
45.03,94.64,26.96,0.172191675,0,1,9
64.03,88.55142857,27.8,0.29252775,0,3,15
70.92,91.77714286,27.825,0.209896425,0,0,4
55.11,81.86857143,28.08,0.2275,0,0,0
,,,0.146421425,6,1,1
52.28,95.22285714,27.26666667,0.20911835,1,0,10
72.03,98.61,27.18,0.214521425,0,0,11
76.16,92.46714286,27.56666667,0.2011,0,1,29
118.54,94.92857143,27.65,0.17315415,0,0,35
149.06,97.00714286,27.46666667,0.255896425,0,0,30
60.51,94.23428571,28.1,0.151207125,20,0,20
124.8,92.90571429,27.7,0.177024975,0,2,21
147.44,95.12142857,26.58,0.299394175,0,0,12
58.56,94.37857143,28.4,0.355839275,0,3,9
97.8,98.13428571,27.3,0.202428575,0,2,11
106.68,95.70857143,27.8,0.1912744,0,3,9
100.78,94.90285714,28.5,0.2629476,9,2,5
131.17,96.39571429,27.95,0.084155358,0,2,11
133.47,89.67285714,27.13333333,0.144614275,0,3,3
99.77,97.3,26.9,0.198392875,0,0,5
52.74,96.66428571,26.8,0.211146425,0,7,5
99.89,95.07857143,27.15,0.295667875,0,1,4
30.73,95.1,28.1,0.232099975,98,1,4
38.51,93.29857143,28.075,0.226460725,2,2,1
66.46,91.79,28.35,0.275578575,0,0,0
40.04,97.74285714,27.6,0.197825625,0,0,2
42.22,95.50714286,28.1,0.107549998,0,4,3
8.74,94.13,24.66666667,0.171964275,0,1,3
43.32,93.97142857,27.05,0.336010725,1,30,5
141.65,94.55571429,27.375,0.22906725,0,13,2
68.15,94.53857143,27.45,0.201457125,0,0,1
91.4,95.38571429,27.6,0.326377975,0,3,2
65.19,94.62428571,26.825,0.27186785,0,1,0
35.82,88.23,26.95,0.231483325,0,6,0
51.77,89.97142857,27,0.1447464,10,6,3
9.79,87.81142857,27.975,0.408483325,0,0,5
35.23,87.11,27.7,0.37932855,0,10,5
6.52,80.64,28.32,0.23850355,0,0,7
95.83,88.17714286,29,0.22368215,0,46,5
83.02,94.99285714,27.6,0.50398215,0,0,2
13.74,75.23285714,29.16666667,0.222029175,9,6,2
40.17,78.11857143,28.85,0.2706038,0,1,2
78.68,83.76285714,28.86666667,0.28026785,0,16,0
57.18,91.57571429,27.95,0.237042825,0,5,2
20.58,89.31,27.64,0.265432125,0,2,1
30.49,79.22285714,27.75,0.288825,0,15,1
82.59,90.65714286,27.73333333,0.3323107,34,0,2
77.38,93.80857143,27.8,0.2769982,2,57,2
45.79,90.37285714,29.86666667,0.3461006,0,4,3
96.23,84.31142857,28.94,0.399196425,0,4,9
29.72,80.78714286,28.9,0.3745,0,221,5
38.17,89.59428571,28.43333333,0.326734525,0,84,5
73.45,91.70857143,28.025,0.355,6,4,4
85.62,87.75285714,28.55,0.227875,0,7,4
81.21,92.95857143,28.2,0.22549285,0,9,1
98.79,96.88571429,27.2,0.24723715,0,99,0
,,,,0,15,0
27.04,78.27142857,28.6,0.150753575,0,2,10
32.99,89.80714286,27.83333333,0.14760715,0,2,9
19.04,87.64142857,28.96666667,0.243178575,0,1,17
138.51,91.79857143,27.8,0.243507125,18,112,16
47.31,90.64857143,27.8,0.142368475,3,2,11
78.25,96.51571429,27,0.205592825,0,334,12
32.19,88.36571429,27.3,0.25360715,0,74,19
84.67,94.91571429,28.02,0.28062855,67,86,15
80.58,97.7,28.5,0.142927525,1,2,12
57.78,96.25,28.55,0.31795,0,42,12
121.2,96.12428571,30,0.292171425,0,3,16
51.29,93.08285714,27.46666667,0.289815475,2,0,9
49.8,88.70714286,27.93333333,0.18559405,1,0,4
93.76,95.18285714,29.2,0.244496425,216,31,9
17.33,93.65571429,27.15,0.15855,22,0,6
86.7,95.99571429,27.85,0.275557125,0,3,8
26,87.65714286,28.85,0.278685725,0,17,4
73.97,96.71285714,27.6,0.278664275,9,140,2
59.4,97.44571429,27.4,0.151464275,0,1,7
1.15,78.99857143,25.63333333,0.2595857,123,4,6
55.3,88.76571429,28.63333333,0.3026268,2,175,5
86.47,91.6,27.43333333,0.170557125,0,134,8
58.94,94.28,24.4,0.2192964,0,31,1
59.67,94.66,25.43333333,0.296014275,0,24,1
63.22,89.08285714,27.475,0.280282125,0,37,4
